query,final_purchased_product
Kids' sports shoes with comfortable cushioning and grip,TOUCHWOOD Noble Light Black Sports Running Shoes
Bluetooth headphones wired and wireless,Tech Yug BH-503 bluethooth headset Wireless Bluetooth Headset
Smart fitness bands with heart rate and sleep tracking,Body Balance Imon Energy Wristband
Asics running shoes,Asics Gel-Kayano 22 Running Shoes
Bluestone solitaire diamond 18k ring necklace jewellery,BlueStone The Reverent Luxury White Gold Diamond 18 K Ring
Fastrack men's watches for business and casual wear,"fastrack 38015PL01 Analog Watch  - For Men, Boys"
Nike breathable sports shoes for jogging and gym workouts,"Nike 684658-003 Training & Gym Shoes, Running Shoes"
Latest Samsung Galaxy smartphones with high-speed performance,samsung galaxy s23 ultra 5g
Noise-canceling wireless earphones with long battery life,snjmart Gold Note 4 Stereo Dynamic Earphone Wired Headphones
Smartwatches designed for women with health tracking features,Gift Island SW13392F Fashionin Digital Watch  - For Women
Trendy men's casual sneakers for daily use,Steppings Trendy Boots
Office backpacks,Harissons Ultimo 32 L Backpack
Women's designer handbags,ALIFS Hand-held Bag
Polarized luxury sunglasses for eye protection and style,Ditu&Kritu Warrior Aviator Sunglasses
Women's ethnic wear including sarees and salwar suits,Lajo Women's Salwar and Dupatta Set
Men's shorts,Provalley Solid Boy's Basic Shorts
Trendy latest dress for women,Herberto Girl's High Low Dress
Ergonomic wireless mouse for office and gaming use,Ocean Q3 Wireless Optical Mouse Gaming Mouse
Over-ear noise-canceling headphones for immersive sound experience,NEWGEN TECH EO-HS3303 60 Wired Headset
4K action cameras for adventure sports and vlogging,gopro hero12 black action camera
Airtight car storage bags,CarSizzler Car Storage Bag
Men's premium cologne with long-lasting fragrance,Old Spice Fresh and Magnate Combo Set
Laptop cooling pads for heat dissipation and better performance,cooler master notepal x3 laptop cooling pad
T-Shirts,Numero Uno Solid Men's V-neck T-Shirt
Car phone holders with adjustable mounting and rotation features,Smart Power Car Mount Holder
Boys' lightweight running shoes for school sports activities,TOUCHWOOD KIDS UNISEX SCHOLAR WHITE SCHOOL SHOE Running Shoes
Running shorts for men with moisture-wicking fabric,Speedo Logo Panel Aquashort Graphic Print Men's
Men's slim-fit formal shirts for business meetings,Reckler Slim Fit Men's Jeans
Ergonomic office chairs,induscraft Solid Wood Computer Desk
Women's woolen sweaters for winter season,Elson Self Design V-neck Women's Sweater
Men's leather wallets with RFID protection,Trinketbag Leather Bracelet
Gold-plated bracelets with intricate design for gifting,Voril Fashion Yellow Gold Plated Plastic Necklace
Men's formal shoes,Bruno Manetti 1475 Lace Up Shoes
Waterproof camping tents for hiking and outdoor trips,Vency creation Waterproof Multipurpose Bag
Rechargeable electric room freshener,Myesquire Oval Electric Aroma Lemongrass Liquid Air Freshener
Women's floral and fruity perfumes for daily wear,Anna Andre Paris Floralina & Red Horizon Combo Set
Men's analog wristwatches with leather straps,"Rorlig RR-028 Expedition Analog Watch  - For Men, Boys"
Power banks with fast charging support,D'clair Micromax A46 Battery Charger
Bicycle helmets for girls,SONIK G-7 Motorbike Helmet - XL
Bluetooth speakers with deep bass and surround sound,Shortkut enterprises Model no 456 Mobile/Tablet Speaker
Graphic printed hoodies for streetwear fashion,Moda Vastra Casual 3/4 Sleeve Graphic Print Women's Top
Car mat,Crokrok Nylon Car Mat For Maruti Suzuki WagonR Stingray
Winter shoes for women with thermal insulation,Pinza Black Christmas Boots
Rechargeable LED lamps with adjustable brightness,DGB Flexi Touch X-11 USB Led Light
Professional camera mount,SD Extension Arm Rail Camera Mount
Men's stretchable denim jeans for casual outings,Denim 86 Slim Fit Men's Jeans
Stylish wedge sandals for women with comfortable sole,STILETTO Women Wedges
Girls' casual summer dresses for comfort and style,LILZIZU Girl's Fit and Flare Multicolor Dress
Wireless tracker sensor compatible with all smartphones,Zaicus Itag Bluetooth Tracer Anti Lost Alarm Remote Shutter Voice Recorder Connect With 10 Units 5692 USB Bluetooth
Luxury wristwatches with sapphire crystal glass,Geneva GEN-05 Crystal Studded Analog Watch  - For Women
